{"_timestamp": 1698981536, "agent 2": 20.10201250196469, "_step": 0, "agent 1": 20.10201250196469, "_runtime": 129}