{"_step": 299, "agent 2": 10.46276838491403, "agent 1": 10.46276838491403, "_timestamp": 1699049675, "_runtime": 67748}