{"_step": 20, "agent 2": 14.738912058529074, "_timestamp": 1698731723, "agent 1": 39.00743478941045, "agent 3": 15.40725821334391, "_runtime": 20873}