{"_runtime": 158, "_timestamp": 1698696364, "_step": 0, "agent 2": 1.8244070611116692, "agent 3": 13.495318671490804, "agent 1": 2.3997903103051645}