{"agent 3": 24.4015787167368, "agent 1": 24.4015787167368, "_runtime": 96325, "_step": 285, "_timestamp": 1698975768, "agent 2": 24.4015787167368}