{"agent 2": 27.781103506339015, "_runtime": 175946, "agent 3": 32.7374665222261, "_timestamp": 1698872476, "_step": 500, "agent 1": 27.51342314500952}