{"agent 2": 13.551597039108517, "_runtime": 962, "agent 3": 19.2216077489721, "_timestamp": 1698697492, "_step": 3, "agent 1": 12.287961784371582}