{"agent 2": 29.100683493487313, "_runtime": 97496, "agent 3": 33.22959283830089, "_timestamp": 1698794026, "_step": 272, "agent 1": 28.658490855703246}