{"agent 2": 27.892611392607453, "_runtime": 95172, "agent 3": 31.96125930353242, "_timestamp": 1698791702, "_step": 266, "agent 1": 27.113695585236673}