{"agent 2": 27.89246730237257, "_runtime": 99095, "agent 3": 32.22213106974558, "_timestamp": 1698795625, "_step": 276, "agent 1": 27.710502670173426}