{"agent 2": 18.545371850267745, "_step": 20, "_runtime": 21308, "_timestamp": 1698732156, "agent 3": 18.6893500262138, "agent 1": 36.96348632641446}