{"_timestamp": 1698695886, "_runtime": 177093, "agent 2": 22.134782874747188, "_step": 625, "agent 1": 22.134782874747188, "agent 3": 22.134782874747188}