{"_timestamp": 1698618483, "_runtime": 99690, "agent 2": 20.454217983827913, "_step": 329, "agent 1": 20.454217983827913, "agent 3": 20.454217983827913}