{"_step": 0, "agent 3": 0.4709589525253646, "_runtime": 92, "agent 1": 0.4709589525253646, "agent 2": 0.4709589525253646, "_timestamp": 1698975237}