{"agent 1": 41.25602755939255, "_step": 299, "agent 2": 41.25602755939255, "_runtime": 67812, "_timestamp": 1699049739}