{"_timestamp": 1698696364, "agent 1": 2.3261467894875243, "_step": 0, "_runtime": 158, "agent 3": 14.595591635737106, "agent 2": 2.338909039024881}