{"_runtime": 67844, "agent 2": 9.943297933399176, "_step": 299, "_timestamp": 1699049771, "agent 1": 9.943297933399176}