{"agent 3": 20.33870333808703, "_timestamp": 1698976001, "_runtime": 96558, "agent 2": 20.33870333808703, "_step": 251, "agent 1": 20.33870333808703}