{"agent 2": 36.99905997023506, "_runtime": 171763, "agent 1": 38.24934264385723, "_timestamp": 1698868294, "_step": 499, "agent 3": 42.82097234739718}