{"agent 2": 37.13609874404593, "_runtime": 99224, "agent 1": 37.97577793980345, "_timestamp": 1698795755, "_step": 286, "agent 3": 43.08862971112963}