{"agent 2": 13.006205389072, "_runtime": 961, "agent 1": 11.668651077821872, "_timestamp": 1698697492, "_step": 3, "agent 3": 17.120900719272548}