{"agent 2": 34.73738480455187, "_runtime": 95088, "agent 1": 35.40177288687168, "_timestamp": 1698791619, "_step": 275, "agent 3": 40.15476258626747}