{"agent 2": 35.90731127402805, "_runtime": 97322, "agent 1": 36.82896930914034, "_timestamp": 1698793853, "_step": 281, "agent 3": 41.8375240492293}