{"_runtime": 453, "_step": 4, "agent 2": 14.182621461097181, "_timestamp": 1698979306, "agent 1": 14.182621461097181}