{"_step": 5, "agent 3": 16.601180341983635, "agent 2": 15.574026069323322, "_runtime": 1273, "_timestamp": 1698767026, "agent 1": 42.25812218842407}