{"agent 2": 28.419497314333793, "agent 3": 32.05199767046732, "_runtime": 97228, "_timestamp": 1698793759, "_step": 274, "agent 1": 26.810829959376584}