{"agent 2": 26.55165961884525, "agent 3": 30.782753004270315, "_runtime": 175298, "_timestamp": 1698871829, "_step": 503, "agent 1": 24.834366841862618}