{"agent 2": 28.621272030994604, "agent 3": 32.49436911275718, "_runtime": 95292, "_timestamp": 1698791823, "_step": 269, "agent 1": 27.798107955314215}