{"agent 2": 10.695005211771008, "agent 3": 17.79029347109937, "_runtime": 968, "_timestamp": 1698697499, "_step": 3, "agent 1": 12.659031679031582}