{"agent 2": 30.429839316589014, "agent 3": 33.75266518287109, "_runtime": 99186, "_timestamp": 1698795717, "_step": 279, "agent 1": 28.659039016419268}