{"_runtime": 20872, "agent 3": 20.785276059872707, "_step": 20, "agent 2": 19.886864142024343, "_timestamp": 1698731720, "agent 1": 40.333151321971975}