{"_runtime": 79416, "agent 2": 19.673655739645955, "agent 1": 19.673655739645955, "agent 3": 19.673655739645955, "_timestamp": 1698598209, "_step": 265}