{"_timestamp": 1698541836, "agent 2": 18.564303145974815, "agent 3": 18.564303145974815, "_step": 61, "agent 1": 18.564303145974815, "_runtime": 23043}