{"_step": 0, "agent 1": 1.2561114829075852, "agent 2": 1.2561114829075852, "_runtime": 129, "_timestamp": 1698981536}