{"agent 2": 35.35242253252831, "_step": 282, "agent 1": 33.485867555396716, "_timestamp": 1698793764, "agent 3": 38.660998075846905, "_runtime": 97234}