{"agent 2": 37.968380139441436, "_step": 492, "agent 1": 35.20492621482465, "_timestamp": 1698866281, "agent 3": 41.68881625752877, "_runtime": 169751}