{"agent 2": 38.12502052793359, "_step": 493, "agent 1": 36.14254011346493, "_timestamp": 1698879456, "agent 3": 42.28325952759727, "_runtime": 182926}