{"agent 2": 10.788478975010038, "_step": 3, "agent 1": 11.782264017750046, "_timestamp": 1698697493, "agent 3": 14.928205112416153, "_runtime": 963}