{"agent 2": 34.30131399560439, "_step": 287, "agent 1": 32.39050135533354, "_timestamp": 1698795675, "agent 3": 37.560518308141674, "_runtime": 99145}