{"agent 2": 35.9946429070655, "_step": 277, "agent 1": 33.35809346194915, "_timestamp": 1698791871, "agent 3": 39.18232039270364, "_runtime": 95341}