{"_timestamp": 1698696363, "_step": 0, "agent 2": 1.6141945044704913, "agent 1": 2.2523164117993217, "_runtime": 157, "agent 3": 13.557788494528108}