{"agent 2": 8.951804825643828, "agent 1": 8.951804825643828, "_runtime": 67857, "_step": 299, "_timestamp": 1699049784}