{"agent 3": 34.694041726177616, "agent 2": 29.451116784172562, "_step": 275, "_timestamp": 1698791927, "agent 1": 30.388471350922313, "_runtime": 95397}