{"agent 3": 17.772929795522753, "agent 2": 12.350420290150312, "_step": 3, "_timestamp": 1698697502, "agent 1": 12.418411146481958, "_runtime": 972}