{"agent 3": 40.21636439679666, "agent 2": 33.732270264113055, "_step": 497, "_timestamp": 1698868465, "agent 1": 35.33373442492181, "_runtime": 171935}