{"agent 3": 34.00187216322026, "agent 2": 28.687468222931027, "_step": 285, "_timestamp": 1698795740, "agent 1": 30.130480431151117, "_runtime": 99210}