{"agent 3": 40.097615276879324, "agent 2": 33.94889598138999, "_step": 498, "_timestamp": 1698879442, "agent 1": 34.63365579331403, "_runtime": 182912}