{"agent 3": 33.211044578540694, "agent 2": 28.22059222006276, "_step": 280, "_timestamp": 1698793821, "agent 1": 28.990366547873325, "_runtime": 97291}