{"_step": 0, "_timestamp": 1698981539, "_runtime": 132, "agent 1": 17.991115223504394, "agent 2": 17.991115223504394}