{"_step": 282, "_timestamp": 1698975940, "_runtime": 96497, "agent 3": 21.86474130968112, "agent 2": 21.86474130968112, "agent 1": 21.86474130968112}