{"_step": 299, "agent 1": 84.04515331822151, "_runtime": 67773, "_timestamp": 1699049700, "agent 2": 84.04515331822151}