{"agent 2": 2.5957507541599423, "_timestamp": 1698980513, "agent 1": 2.5957507541599423, "_runtime": 85, "_step": 0}