{"_step": 6, "_timestamp": 1698766959, "agent 3": 21.205050246451066, "agent 2": 20.257829821074687, "agent 1": 38.203326681121005, "_runtime": 1512}