{"_timestamp": 1699049668, "agent 2": 8.186213696783609, "_step": 299, "_runtime": 67741, "agent 1": 8.186213696783609}