{"agent 1": 0.9168351997308518, "_timestamp": 1698981533, "_step": 0, "_runtime": 126, "agent 2": 0.9168351997308518}