{"_runtime": 86, "_timestamp": 1698980514, "_step": 0, "agent 1": 1.0768924195309932, "agent 2": 1.0768924195309932}