{"agent 1": 2.594308734829324, "_runtime": 55, "agent 2": 2.594308734829324, "_step": 0, "_timestamp": 1698981293}