{"_runtime": 96520, "agent 1": 25.49412079457463, "_step": 265, "agent 3": 25.49412079457463, "agent 2": 25.49412079457463, "_timestamp": 1698975963}