{"agent 1": 39.55878855317942, "_runtime": 20628, "agent 2": 14.755451837314814, "_timestamp": 1698731478, "_step": 20, "agent 3": 15.577879829463805}