{"agent 2": 75.74706511088183, "_step": 4, "_timestamp": 1698979319, "agent 1": 75.74706511088183, "_runtime": 466}