{"_step": 0, "agent 1": 2.4326117503079225, "agent 2": 2.4326117503079225, "_timestamp": 1698981534, "_runtime": 127}