{"agent 3": 21.490452338647497, "agent 2": 20.467693220688844, "_timestamp": 1698767014, "_step": 5, "agent 1": 36.71356320331073, "_runtime": 1260}