{"agent 1": 12.651597853619194, "_step": 4, "agent 2": 12.651597853619194, "_runtime": 459, "_timestamp": 1698979312}