{"agent 1": 19.99322776912459, "agent 3": 19.99322776912459, "_step": 279, "agent 2": 19.99322776912459, "_runtime": 96269, "_timestamp": 1698975712}