{"_runtime": 129, "agent 1": 1.0306976733745195, "_timestamp": 1698981536, "agent 2": 1.0306976733745195, "_step": 0}