{"_timestamp": 1698981541, "agent 1": 19.89639197343061, "_step": 0, "_runtime": 134, "agent 2": 19.89639197343061}