{"_step": 0, "agent 1": 20.049049976649755, "agent 2": 20.049049976649755, "_runtime": 86, "_timestamp": 1698980514}