{"_timestamp": 1698975909, "_runtime": 96466, "agent 1": 29.563662019649616, "agent 2": 29.563662019649616, "agent 3": 29.563662019649616, "_step": 273}