{"_runtime": 128, "agent 1": 2.461637736371947, "agent 2": 2.461637736371947, "_step": 0, "_timestamp": 1698981535}