{"agent 3": 35.17296754872119, "_runtime": 179562, "_step": 493, "_timestamp": 1698876093, "agent 1": 29.544248400313403, "agent 2": 30.792200748683115}