{"agent 3": 31.12977850077296, "_runtime": 97325, "_step": 258, "_timestamp": 1698793856, "agent 1": 26.806587549665768, "agent 2": 28.00272598944457}