{"agent 3": 34.156128767832406, "_runtime": 178734, "_step": 489, "_timestamp": 1698875265, "agent 1": 29.150866675155527, "agent 2": 30.072364954018923}