{"agent 3": 31.256257173463638, "_runtime": 95262, "_step": 253, "_timestamp": 1698791793, "agent 1": 26.81303405775682, "agent 2": 28.03466381383707}