{"agent 3": 35.2112105779113, "_runtime": 179361, "_step": 492, "_timestamp": 1698875892, "agent 1": 29.750245973120773, "agent 2": 30.99210647649486}