{"agent 3": 30.601125447493494, "_runtime": 98995, "_step": 262, "_timestamp": 1698795526, "agent 1": 27.256399772099925, "agent 2": 27.047454767411754}