{"agent 3": 17.48622197620495, "_runtime": 969, "_step": 3, "_timestamp": 1698697500, "agent 1": 12.218049162455317, "agent 2": 11.50022590017027}