{"agent 3": 34.41829768529085, "_runtime": 182327, "_step": 507, "_timestamp": 1698878858, "agent 1": 30.480257700143586, "agent 2": 30.09924742713744}