{"agent 1": 0.3848693188321823, "_timestamp": 1698879238, "_step": 1, "agent 3": 0.3848693188321823, "_runtime": 149, "agent 2": 0.3848693188321823}