{"_step": 3, "_timestamp": 1698979838, "agent 2": 11.951892499465696, "_runtime": 470, "agent 1": 11.951892499465696}