{"_runtime": 21420, "agent 1": 37.84708983059798, "_step": 37, "agent 3": 16.454237462632413, "agent 2": 15.246145365235131, "_timestamp": 1698788731}