{"agent 2": 1.2807425218607682, "_step": 0, "agent 1": 1.2807425218607682, "_runtime": 128, "_timestamp": 1698981536}