{"_runtime": 21544, "_step": 37, "agent 2": 20.242134218917574, "agent 3": 21.291564903166144, "_timestamp": 1698788855, "agent 1": 37.35220596813186}