{"agent 1": 2.0460892917343285, "agent 2": 2.440620935518632, "_runtime": 157, "_step": 0, "_timestamp": 1698696363, "agent 3": 13.902682602333837}