{"agent 1": 1.9538988207517356, "_step": 0, "_timestamp": 1698696363, "agent 2": 1.9266181359629193, "_runtime": 157, "agent 3": 13.996296563120959}