{"_runtime": 99793, "agent 3": 26.016480861687242, "agent 1": 26.016480861687242, "_step": 358, "agent 2": 26.016480861687242, "_timestamp": 1698618586}