{"_runtime": 177186, "agent 3": 20.936609742244546, "agent 1": 20.936609742244546, "_step": 682, "agent 2": 20.936609742244546, "_timestamp": 1698695979}