{"_runtime": 20870, "agent 2": 15.827064786663005, "agent 3": 16.134747720078554, "_step": 20, "agent 1": 40.71499365049688, "_timestamp": 1698731719}