{"_runtime": 21166, "agent 3": 18.81158845253414, "_step": 20, "agent 1": 41.45476685122754, "agent 2": 18.315596555643914, "_timestamp": 1698732015}