{"agent 2": 21.412627084435986, "agent 1": 21.412627084435986, "agent 3": 21.412627084435986, "_runtime": 96370, "_timestamp": 1698975813, "_step": 245}