{"agent 2": 22.639537902287536, "_step": 260, "agent 1": 22.639537902287536, "agent 3": 22.639537902287536, "_runtime": 96433, "_timestamp": 1698975876}