{"agent 2": 11.22508089781609, "_timestamp": 1698979837, "_runtime": 470, "agent 1": 11.22508089781609, "_step": 3}