{"agent 2": 2.3627930888771482, "_runtime": 157, "agent 3": 14.496991238564982, "agent 1": 2.530455249389751, "_timestamp": 1698696363, "_step": 0}