{"agent 2": 15.602839565178197, "_runtime": 20889, "agent 3": 16.174483296028914, "_timestamp": 1698731737, "agent 1": 43.22351567205765, "_step": 20}