{"agent 1": 36.90831984682768, "agent 3": 20.18365671194894, "_step": 5, "agent 2": 18.752317618154233, "_runtime": 1274, "_timestamp": 1698767028}