{"_runtime": 130, "_timestamp": 1698981537, "agent 1": 19.666633643234494, "_step": 0, "agent 2": 19.666633643234494}