{"agent 2": 18.25777251511491, "_step": 20, "_runtime": 21185, "agent 1": 36.17403552777081, "_timestamp": 1698732033, "agent 3": 19.380417927823533}