{"agent 2": 1.1190171971036085, "_step": 0, "_timestamp": 1698980513, "_runtime": 85, "agent 1": 1.1190171971036085}