{"_timestamp": 1699049621, "agent 1": 75.52388617222421, "_step": 299, "agent 2": 75.52388617222421, "_runtime": 67694}