{"_step": 299, "agent 1": 38.27450250466757, "_runtime": 67816, "_timestamp": 1699049743, "agent 2": 38.27450250466757}