{"_runtime": 177097, "_step": 643, "_timestamp": 1698695890, "agent 2": 19.20354315783651, "agent 1": 19.20354315783651, "agent 3": 19.20354315783651}