{"_runtime": 99721, "_step": 340, "_timestamp": 1698618514, "agent 2": 17.752716959038874, "agent 1": 17.752716959038874, "agent 3": 17.752716959038874}