{"_timestamp": 1698696364, "_runtime": 158, "agent 3": 14.700176211253991, "agent 2": 2.60607438275824, "agent 1": 2.315784691227344, "_step": 0}