{"_timestamp": 1698980514, "_runtime": 86, "agent 1": 20.138245944911578, "agent 2": 20.138245944911578, "_step": 0}