{"agent 1": 9.544252196859336, "_step": 3, "_timestamp": 1698979840, "agent 2": 9.544252196859336, "_runtime": 473}