{"agent 2": 10.452517576390303, "agent 1": 10.452517576390303, "_runtime": 67831, "_timestamp": 1699049758, "_step": 299}