{"_step": 0, "agent 1": 2.4602652823838764, "_runtime": 86, "_timestamp": 1698980514, "agent 2": 2.4602652823838764}