{"agent 1": 75.15588230144883, "_timestamp": 1698979840, "_step": 3, "_runtime": 472, "agent 2": 75.15588230144883}