{"agent 1": 29.8491850714777, "_timestamp": 1698696136, "_runtime": 177343, "agent 3": 29.8491850714777, "agent 2": 29.8491850714777, "_step": 672}