{"agent 1": 29.012366241792275, "_timestamp": 1698618541, "_runtime": 99748, "agent 3": 29.012366241792275, "agent 2": 29.012366241792275, "_step": 352}