{"agent 1": 38.524088332916804, "agent 2": 19.057059419910534, "agent 3": 20.765432392688044, "_timestamp": 1698788847, "_step": 37, "_runtime": 21536}