{"_runtime": 475, "agent 1": 74.70472903340796, "_step": 3, "agent 2": 74.70472903340796, "_timestamp": 1698979844}