{"_runtime": 85, "_step": 0, "agent 1": 1.298515511453009, "_timestamp": 1698980513, "agent 2": 1.298515511453009}