{"agent 2": 37.00733205202278, "_runtime": 67668, "agent 1": 37.00733205202278, "_timestamp": 1699049595, "_step": 299}