{"agent 1": 8.850852354836977, "_timestamp": 1698697495, "agent 2": 11.291825580319333, "_step": 3, "_runtime": 964, "agent 3": 15.223001986676024}