{"agent 1": 28.629095839746448, "_timestamp": 1698793717, "agent 2": 28.31759150345875, "_step": 275, "_runtime": 97186, "agent 3": 33.73419537543414}