{"agent 1": 30.454237047987732, "_timestamp": 1698871693, "agent 2": 31.36991952489157, "_step": 502, "_runtime": 175162, "agent 3": 36.34119898015652}