{"agent 1": 27.90015691390419, "_timestamp": 1698795678, "agent 2": 27.697409609675397, "_step": 280, "_runtime": 99147, "agent 3": 33.20257128583807}