{"agent 1": 27.857640288134398, "_timestamp": 1698791780, "agent 2": 27.591079103143187, "_step": 270, "_runtime": 95249, "agent 3": 32.81133781454421}