{"agent 2": 36.42526901363944, "agent 1": 36.42526901363944, "_runtime": 67917, "_timestamp": 1699049844, "_step": 299}