{"agent 3": 16.303009484986795, "_runtime": 23042, "agent 1": 16.303009484986795, "_step": 63, "agent 2": 16.303009484986795, "_timestamp": 1698541835}