{"agent 3": 21.66545914089615, "_runtime": 99742, "_timestamp": 1698618535, "agent 2": 21.66545914089615, "_step": 370, "agent 1": 21.66545914089615}