{"agent 3": 22.875424183125173, "_runtime": 177316, "_timestamp": 1698696109, "agent 2": 22.875424183125173, "_step": 707, "agent 1": 22.875424183125173}