{"_runtime": 169841, "agent 3": 40.972762509538924, "_step": 499, "agent 1": 35.90104826195301, "_timestamp": 1698866372, "agent 2": 36.96873449181977}