{"_runtime": 962, "agent 3": 16.8234845562431, "_step": 3, "agent 1": 10.45826741878981, "_timestamp": 1698697493, "agent 2": 11.199431345479603}