{"_runtime": 95114, "agent 3": 41.32729370796033, "_step": 281, "agent 1": 35.72273840200083, "_timestamp": 1698791645, "agent 2": 37.35271974904257}