{"_runtime": 99207, "agent 3": 40.71573731689898, "_step": 292, "agent 1": 35.284809475051034, "_timestamp": 1698795738, "agent 2": 36.44669133881726}