{"_runtime": 97321, "agent 3": 40.728555901431186, "_step": 287, "agent 1": 35.24440797390127, "_timestamp": 1698793852, "agent 2": 37.121293512368005}