{"agent 1": 5.842100623199435, "agent 3": 5.842100623199435, "agent 2": 5.842100623199435, "_timestamp": 1698976313, "_step": 5, "_runtime": 957}