{"_step": 299, "agent 1": 36.79614804829768, "_timestamp": 1699049455, "_runtime": 67528, "agent 2": 36.79614804829768}