{"agent 2": 15.73065909670027, "_step": 55, "_runtime": 22858, "agent 1": 15.73065909670027, "_timestamp": 1698541651, "agent 3": 15.73065909670027}