{"agent 2": 1.2862468242255147, "_step": 0, "agent 1": 1.2862468242255147, "_runtime": 132, "_timestamp": 1698981539}