{"_runtime": 129, "_timestamp": 1698981536, "_step": 0, "agent 2": 2.4116543929692735, "agent 1": 2.4116543929692735}