{"agent 3": 16.619574852675427, "_step": 5, "agent 2": 15.594195597498551, "_runtime": 1269, "_timestamp": 1698767022, "agent 1": 38.63631118179817}