{"_timestamp": 1698981541, "agent 1": 20.58060790612792, "_step": 0, "agent 2": 20.58060790612792, "_runtime": 134}