{"_timestamp": 1699049583, "agent 2": 82.271611960774, "_runtime": 67656, "agent 1": 82.271611960774, "_step": 299}