{"_timestamp": 1698788549, "agent 3": 20.767608434078884, "agent 1": 36.957045018782495, "_step": 37, "_runtime": 21238, "agent 2": 19.62256486674925}