{"agent 2": 36.687579012409884, "_step": 299, "_runtime": 67754, "_timestamp": 1699049681, "agent 1": 36.687579012409884}