{"_timestamp": 1698793816, "agent 2": 29.826600064427936, "agent 1": 28.011655825661272, "_runtime": 97286, "agent 3": 32.95743111814346, "_step": 273}