{"_timestamp": 1698697495, "agent 2": 13.176794381272805, "agent 1": 11.54066084461725, "_runtime": 965, "agent 3": 18.28582560094278, "_step": 3}