{"_timestamp": 1698791855, "agent 2": 30.122981352416485, "agent 1": 28.1720037671176, "_runtime": 95325, "agent 3": 33.180456170998575, "_step": 268}