{"_timestamp": 1698795404, "agent 2": 29.536473204354326, "agent 1": 28.0163550994427, "_runtime": 98874, "agent 3": 33.20092406687845, "_step": 277}