{"_timestamp": 1698872308, "agent 2": 32.086000340635984, "agent 1": 29.854744122944258, "_runtime": 175778, "agent 3": 35.65846284029729, "_step": 500}