{"agent 1": 75.02946341338375, "_step": 299, "agent 2": 75.02946341338375, "_runtime": 67967, "_timestamp": 1699049894}