{"agent 1": 2.0999846212821187, "_step": 0, "agent 2": 1.7462025470772125, "_runtime": 158, "_timestamp": 1698696364, "agent 3": 13.077223471964972}