{"agent 1": 23.129614316814806, "_timestamp": 1698975827, "_runtime": 96384, "agent 2": 23.129614316814806, "_step": 248, "agent 3": 23.129614316814806}