{"agent 1": 2.058039451936944, "agent 2": 2.058039451936944, "_step": 0, "_timestamp": 1698981539, "_runtime": 131}