{"_runtime": 125, "agent 2": 20.187509498587982, "_step": 0, "_timestamp": 1698981532, "agent 1": 20.187509498587982}