{"agent 1": 2.013260600620654, "_step": 0, "agent 2": 2.7558154601147127, "_timestamp": 1698696362, "_runtime": 156, "agent 3": 14.287620939510111}