{"_runtime": 260, "_timestamp": 1698709995, "agent 1": 1.8589119578559528, "_step": 1, "agent 2": 2.6076208651967177, "agent 3": 1.9737050598825017}