{"_runtime": 475, "_timestamp": 1698979842, "agent 2": 9.447753084371124, "agent 1": 9.447753084371124, "_step": 3}