{"_step": 3, "_runtime": 474, "agent 2": 7.663962153279014, "_timestamp": 1698979841, "agent 1": 7.663962153279014}