{"_timestamp": 1698979839, "_runtime": 471, "_step": 3, "agent 2": 75.36640373949527, "agent 1": 75.36640373949527}