{"agent 1": 8.612947192105514, "agent 2": 8.612947192105514, "_timestamp": 1699049849, "_runtime": 67922, "_step": 299}