{"_step": 0, "agent 2": 20.14328475369363, "_runtime": 57, "_timestamp": 1699056772, "agent 1": 64.03375011823813}