{"_timestamp": 1698980514, "_runtime": 86, "agent 2": 2.47250092001262, "_step": 0, "agent 1": 2.47250092001262}