{"agent 3": 20.18439657837754, "_runtime": 20866, "agent 2": 18.510909041837152, "agent 1": 37.823838191372445, "_step": 20, "_timestamp": 1698731714}