{"agent 1": 2.3654764253399905, "_runtime": 130, "_timestamp": 1698981537, "agent 2": 2.3654764253399905, "_step": 0}