{"_timestamp": 1699049748, "agent 1": 76.04604376830372, "_runtime": 67821, "_step": 299, "agent 2": 76.04604376830372}