{"_step": 0, "agent 1": 1.7995592637112465, "agent 2": 1.7995592637112465, "_runtime": 130, "_timestamp": 1698981537}