{"agent 2": 2.595831193701932, "_runtime": 130, "_timestamp": 1698981537, "_step": 0, "agent 1": 2.595831193701932}