{"agent 1": 10.759177935795998, "agent 2": 10.759177935795998, "_step": 3, "_timestamp": 1698979841, "_runtime": 471}