{"agent 2": 18.915623852312763, "_runtime": 21097, "_timestamp": 1698731945, "agent 1": 35.4977178932367, "agent 3": 20.200944615839745, "_step": 20}