{"_step": 290, "_timestamp": 1698976076, "agent 1": 22.581574684750187, "agent 3": 22.581574684750187, "_runtime": 96633, "agent 2": 22.581574684750187}