{"_step": 276, "_timestamp": 1698791617, "_runtime": 95086, "agent 1": 30.15668522472114, "agent 2": 30.843095253007828, "agent 3": 35.190148643418375}