{"_step": 282, "_timestamp": 1698793840, "_runtime": 97309, "agent 1": 31.22310735970205, "agent 2": 32.828708540973906, "agent 3": 36.713302333750185}