{"_step": 3, "_timestamp": 1698697491, "_runtime": 960, "agent 1": 12.203206711162489, "agent 2": 13.171009012931695, "agent 3": 17.427337475010578}