{"_step": 287, "_timestamp": 1698795737, "_runtime": 99206, "agent 1": 32.62067443090711, "agent 2": 34.633872385957964, "agent 3": 38.28273431489714}