{"_step": 499, "_timestamp": 1698867550, "_runtime": 171019, "agent 1": 31.385555064094696, "agent 2": 33.034477035153195, "agent 3": 36.90124049559962}