{"_step": 0, "agent 3": 13.955022970745386, "agent 1": 2.4022424680628074, "_timestamp": 1698696364, "_runtime": 158, "agent 2": 1.5649185035053805}