{"_runtime": 177108, "_step": 642, "agent 3": 22.082090942201535, "_timestamp": 1698695901, "agent 2": 22.082090942201535, "agent 1": 22.082090942201535}