{"_runtime": 99858, "_step": 342, "agent 3": 24.608272642035555, "_timestamp": 1698618651, "agent 2": 24.608272642035555, "agent 1": 24.608272642035555}