{"agent 1": 82.79218559659276, "_step": 299, "agent 2": 82.79218559659276, "_runtime": 67667, "_timestamp": 1699049594}