{"_timestamp": 1698980513, "agent 1": 18.64925074840641, "agent 2": 18.64925074840641, "_runtime": 85, "_step": 0}