{"_timestamp": 1698788283, "agent 1": 41.99691892093483, "_runtime": 20972, "agent 2": 20.51404799184012, "agent 3": 21.443115734108492, "_step": 36}